{
  "version": 2,
  "geocoder": "geonames-cities1000",
  "entries": {
    "55.7,12.53": {
      "cityName": "Frederiksberg",
      "countryName": "Denmark",
      "countryIso2": "DK"
    },
    "55.7,12.54": {
      "cityName": "Frederiksberg",
      "countryName": "Denmark",
      "countryIso2": "DK"
    },
    "55.66,12.59": {
      "cityName": "Christianshavn",
      "countryName": "Denmark",
      "countryIso2": "DK"
    },
    "38.76,-9.13": {
      "cityName": "Alvalade",
      "countryName": "Portugal",
      "countryIso2": "PT"
    },
    "38.76,-9.12": {
      "cityName": "Olivais",
      "countryName": "Portugal",
      "countryIso2": "PT"
    },
    "55.72,12.52": {
      "cityName": "Buddinge",
      "countryName": "Denmark",
      "countryIso2": "DK"
    },
    "14.66,121.03": {
      "cityName": "Bagong Pagasa",
      "countryName": "Philippines",
      "countryIso2": "PH"
    },
    "11.96,121.93": {
      "cityName": "Yapak",
      "countryName": "Philippines",
      "countryIso2": "PH"
    },
    "38.78,-9.09": {
      "cityName": "Moscavide e Portela",
      "countryName": "Portugal",
      "countryIso2": "PT"
    },
    "38.61,-9.21": {
      "cityName": "Charneca de Caparica",
      "countryName": "Portugal",
      "countryIso2": "PT"
    },
    "38.77,-9.09": {
      "cityName": "Parque das Nações",
      "countryName": "Portugal",
      "countryIso2": "PT"
    },
    "55.7,12.57": {
      "cityName": "Indre By",
      "countryName": "Denmark",
      "countryIso2": "DK"
    },
    "55.71,12.56": {
      "cityName": "Indre By",
      "countryName": "Denmark",
      "countryIso2": "DK"
    },
    "37.44,25.33": {
      "cityName": "Mykonos",
      "countryName": "Greece",
      "countryIso2": "GR"
    },
    "55.72,12.44": {
      "cityName": "Herlev",
      "countryName": "Denmark",
      "countryIso2": "DK"
    },
    "55.72,12.45": {
      "cityName": "Herlev",
      "countryName": "Denmark",
      "countryIso2": "DK"
    },
    "38.73,-9.13": {
      "cityName": "Anjos",
      "countryName": "Portugal",
      "countryIso2": "PT"
    },
    "52.44,13.47": {
      "cityName": "Gropiusstadt",
      "countryName": "Germany",
      "countryIso2": "DE"
    },
    "55.69,12.51": {
      "cityName": "Vanløse",
      "countryName": "Denmark",
      "countryIso2": "DK"
    },
    "55.69,12.52": {
      "cityName": "Frederiksberg",
      "countryName": "Denmark",
      "countryIso2": "DK"
    },
    "35.91,14.5": {
      "cityName": "Sliema",
      "countryName": "Malta",
      "countryIso2": "MT"
    },
    "52.47,13.43": {
      "cityName": "Neukölln",
      "countryName": "Germany",
      "countryIso2": "DE"
    },
    "55.66,12.58": {
      "cityName": "Christianshavn",
      "countryName": "Denmark",
      "countryIso2": "DK"
    },
    "55.62,12.57": {
      "cityName": "Tårnby",
      "countryName": "Denmark",
      "countryIso2": "DK"
    },
    "55.71,12.51": {
      "cityName": "Vanløse",
      "countryName": "Denmark",
      "countryIso2": "DK"
    },
    "55.65,12.59": {
      "cityName": "Tårnby",
      "countryName": "Denmark",
      "countryIso2": "DK"
    },
    "30.26,-97.74": {
      "cityName": "Austin",
      "countryName": "United States",
      "countryIso2": "US"
    },
    "55.7,12.51": {
      "cityName": "Vanløse",
      "countryName": "Denmark",
      "countryIso2": "DK"
    },
    "46.77,23.58": {
      "cityName": "Cluj-Napoca",
      "countryName": "Romania",
      "countryIso2": "RO"
    },
    "47.65,23.57": {
      "cityName": "Baia Mare",
      "countryName": "Romania",
      "countryIso2": "RO"
    },
    "39.97,-75.18": {
      "cityName": "Fairmount",
      "countryName": "United States",
      "countryIso2": "US"
    },
    "55.63,12.65": {
      "cityName": "Tårnby",
      "countryName": "Denmark",
      "countryIso2": "DK"
    },
    "40.77,-73.99": {
      "cityName": "Hell's Kitchen",
      "countryName": "United States",
      "countryIso2": "US"
    },
    "39.95,-75.14": {
      "cityName": "Old City",
      "countryName": "United States",
      "countryIso2": "US"
    },
    "29.95,-90.07": {
      "cityName": "New Orleans",
      "countryName": "United States",
      "countryIso2": "US"
    },
    "30.41,-91.1": {
      "cityName": "Westminster",
      "countryName": "United States",
      "countryIso2": "US"
    },
    "41.89,-87.62": {
      "cityName": "Chicago Loop",
      "countryName": "United States",
      "countryIso2": "US"
    },
    "59.07,17.62": {
      "cityName": "Järna",
      "countryName": "Sweden",
      "countryIso2": "SE"
    },
    "55.74,12.48": {
      "cityName": "Buddinge",
      "countryName": "Denmark",
      "countryIso2": "DK"
    },
    "8.61,81.22": {
      "cityName": "Trincomalee",
      "countryName": "Sri Lanka",
      "countryIso2": "LK"
    },
    "6.9,79.85": {
      "cityName": "Colombo",
      "countryName": "Sri Lanka",
      "countryIso2": "LK"
    },
    "39.96,23.38": {
      "cityName": "Kassándreia",
      "countryName": "Greece",
      "countryIso2": "GR"
    },
    "40.63,22.95": {
      "cityName": "Ágios Pávlos",
      "countryName": "Greece",
      "countryIso2": "GR"
    },
    "59.33,18.08": {
      "cityName": "Gamla Stan",
      "countryName": "Sweden",
      "countryIso2": "SE"
    },
    "60.21,25.04": {
      "cityName": "Länsi-Herttoniemi",
      "countryName": "Finland",
      "countryIso2": "FI"
    },
    "60.4,25.66": {
      "cityName": "Porvoo",
      "countryName": "Finland",
      "countryIso2": "FI"
    },
    "60.21,24.96": {
      "cityName": "Kumpula",
      "countryName": "Finland",
      "countryIso2": "FI"
    },
    "38.72,-9.14": {
      "cityName": "Intendente",
      "countryName": "Portugal",
      "countryIso2": "PT"
    },
    "41.15,-8.63": {
      "cityName": "Massarelos",
      "countryName": "Portugal",
      "countryIso2": "PT"
    },
    "37.99,23.75": {
      "cityName": "Kipséli",
      "countryName": "Greece",
      "countryIso2": "GR"
    },
    "60.2,25.03": {
      "cityName": "Herttoniemi",
      "countryName": "Finland",
      "countryIso2": "FI"
    },
    "59.38,18.03": {
      "cityName": "Bergshamra",
      "countryName": "Sweden",
      "countryIso2": "SE"
    },
    "59.38,18.02": {
      "cityName": "Bergshamra",
      "countryName": "Sweden",
      "countryIso2": "SE"
    },
    "39.52,-8.59": {
      "cityName": "Zibreira",
      "countryName": "Portugal",
      "countryIso2": "PT"
    },
    "52.53,13.4": {
      "cityName": "Berlin",
      "countryName": "Germany",
      "countryIso2": "DE"
    },
    "55.71,12.5": {
      "cityName": "Vanløse",
      "countryName": "Denmark",
      "countryIso2": "DK"
    },
    "55.69,12.5": {
      "cityName": "Vanløse",
      "countryName": "Denmark",
      "countryIso2": "DK"
    },
    "59.93,10.76": {
      "cityName": "Frydenberg",
      "countryName": "Norway",
      "countryIso2": "NO"
    },
    "55.69,12.54": {
      "cityName": "Frederiksberg",
      "countryName": "Denmark",
      "countryIso2": "DK"
    },
    "55.72,9.05": {
      "cityName": "Billund",
      "countryName": "Denmark",
      "countryIso2": "DK"
    },
    "55.69,12.55": {
      "cityName": "Frederiksberg",
      "countryName": "Denmark",
      "countryIso2": "DK"
    },
    "38.79,-9.1": {
      "cityName": "Sacavém",
      "countryName": "Portugal",
      "countryIso2": "PT"
    },
    "40.62,-7.09": {
      "cityName": "Sequeira",
      "countryName": "Portugal",
      "countryIso2": "PT"
    },
    "41.15,-8.61": {
      "cityName": "Porto",
      "countryName": "Portugal",
      "countryIso2": "PT"
    },
    "44.81,20.45": {
      "cityName": "Stari Grad",
      "countryName": "Serbia",
      "countryIso2": "RS"
    },
    "42.69,23.33": {
      "cityName": "Sofia",
      "countryName": "Bulgaria",
      "countryIso2": "BG"
    },
    "45.81,15.99": {
      "cityName": "Centar",
      "countryName": "Croatia",
      "countryIso2": "HR"
    },
    "46.05,14.51": {
      "cityName": "Ljubljana",
      "countryName": "Slovenia",
      "countryIso2": "SI"
    },
    "59.32,18.06": {
      "cityName": "Gamla Stan",
      "countryName": "Sweden",
      "countryIso2": "SE"
    },
    "39.85,-8.87": {
      "cityName": "Monte Real",
      "countryName": "Portugal",
      "countryIso2": "PT"
    },
    "41.65,41.62": {
      "cityName": "Batumi",
      "countryName": "Georgia",
      "countryIso2": "GE"
    },
    "41.69,44.8": {
      "cityName": "Tbilisi",
      "countryName": "Georgia",
      "countryIso2": "GE"
    },
    "59.43,24.74": {
      "cityName": "Tallinn",
      "countryName": "Estonia",
      "countryIso2": "EE"
    },
    "38.68,-9.17": {
      "cityName": "Pragal",
      "countryName": "Portugal",
      "countryIso2": "PT"
    },
    "59.34,18.07": {
      "cityName": "Östermalm",
      "countryName": "Sweden",
      "countryIso2": "SE"
    },
    "39.33,16.04": {
      "cityName": "San Lucido",
      "countryName": "Italy",
      "countryIso2": "IT"
    },
    "59.36,18.02": {
      "cityName": "Solna",
      "countryName": "Sweden",
      "countryIso2": "SE"
    },
    "55.79,11.79": {
      "cityName": "Holbæk",
      "countryName": "Denmark",
      "countryIso2": "DK"
    },
    "55.7,12.52": {
      "cityName": "Frederiksberg",
      "countryName": "Denmark",
      "countryIso2": "DK"
    },
    "57.35,18.73": {
      "cityName": "Hemse",
      "countryName": "Sweden",
      "countryIso2": "SE"
    },
    "57.35,18.72": {
      "cityName": "Hemse",
      "countryName": "Sweden",
      "countryIso2": "SE"
    },
    "56.89,16.33": {
      "cityName": "Blomstermåla",
      "countryName": "Sweden",
      "countryIso2": "SE"
    },
    "55.73,12.52": {
      "cityName": "Buddinge",
      "countryName": "Denmark",
      "countryIso2": "DK"
    },
    "55.71,12.53": {
      "cityName": "Frederiksberg",
      "countryName": "Denmark",
      "countryIso2": "DK"
    },
    "55.71,12.58": {
      "cityName": "Indre By",
      "countryName": "Denmark",
      "countryIso2": "DK"
    },
    "38.76,-9.11": {
      "cityName": "Olivais",
      "countryName": "Portugal",
      "countryIso2": "PT"
    },
    "38.69,-8.23": {
      "cityName": "Montemor-o-Novo",
      "countryName": "Portugal",
      "countryIso2": "PT"
    },
    "37.09,-8.26": {
      "cityName": "Albufeira",
      "countryName": "Portugal",
      "countryIso2": "PT"
    },
    "37.08,-8.32": {
      "cityName": "Armação de Pêra",
      "countryName": "Portugal",
      "countryIso2": "PT"
    },
    "38.71,-9.22": {
      "cityName": "Algés",
      "countryName": "Portugal",
      "countryIso2": "PT"
    },
    "38.77,-9.05": {
      "cityName": "Parque das Nações",
      "countryName": "Portugal",
      "countryIso2": "PT"
    },
    "36.36,25.48": {
      "cityName": "Emporeío",
      "countryName": "Greece",
      "countryIso2": "GR"
    },
    "36.42,25.43": {
      "cityName": "Firá",
      "countryName": "Greece",
      "countryIso2": "GR"
    },
    "55.71,12.55": {
      "cityName": "Frederiksberg",
      "countryName": "Denmark",
      "countryIso2": "DK"
    },
    "11.31,119.42": {
      "cityName": "Tiniguiban",
      "countryName": "Philippines",
      "countryIso2": "PH"
    },
    "11.21,119.42": {
      "cityName": "El Nido",
      "countryName": "Philippines",
      "countryIso2": "PH"
    },
    "55.65,12.49": {
      "cityName": "Hvidovre",
      "countryName": "Denmark",
      "countryIso2": "DK"
    },
    "55.98,-3.17": {
      "cityName": "Edinburgh",
      "countryName": "United Kingdom",
      "countryIso2": "GB"
    },
    "57.18,-5.9": {
      "cityName": "Portree",
      "countryName": "United Kingdom",
      "countryIso2": "GB"
    },
    "55.86,-4.26": {
      "cityName": "Glasgow",
      "countryName": "United Kingdom",
      "countryIso2": "GB"
    },
    "51.5,-0.1": {
      "cityName": "Lambeth",
      "countryName": "United Kingdom",
      "countryIso2": "GB"
    },
    "51.51,-0.1": {
      "cityName": "City of London",
      "countryName": "United Kingdom",
      "countryIso2": "GB"
    },
    "51.01,-3.07": {
      "cityName": "Taunton",
      "countryName": "United Kingdom",
      "countryIso2": "GB"
    },
    "54.59,-5.93": {
      "cityName": "Belfast",
      "countryName": "United Kingdom",
      "countryIso2": "GB"
    },
    "53.35,-6.27": {
      "cityName": "Dublin",
      "countryName": "Ireland",
      "countryIso2": "IE"
    },
    "35.51,24.02": {
      "cityName": "Chaniá",
      "countryName": "Greece",
      "countryIso2": "GR"
    },
    "35.52,24.02": {
      "cityName": "Chaniá",
      "countryName": "Greece",
      "countryIso2": "GR"
    },
    "48.89,2.35": {
      "cityName": "Saint-Vincent de Paul",
      "countryName": "France",
      "countryIso2": "FR"
    },
    "48.89,2.34": {
      "cityName": "Saint-Vincent de Paul",
      "countryName": "France",
      "countryIso2": "FR"
    },
    "50.85,4.37": {
      "cityName": "Saint-Josse-ten-Noode",
      "countryName": "Belgium",
      "countryIso2": "BE"
    },
    "50.86,4.37": {
      "cityName": "Saint-Josse-ten-Noode",
      "countryName": "Belgium",
      "countryIso2": "BE"
    },
    "51.53,-0.03": {
      "cityName": "Bow",
      "countryName": "United Kingdom",
      "countryIso2": "GB"
    },
    "38.51,-9.17": {
      "cityName": "Sesimbra",
      "countryName": "Portugal",
      "countryIso2": "PT"
    },
    "38.5,-9.17": {
      "cityName": "Sesimbra",
      "countryName": "Portugal",
      "countryIso2": "PT"
    }
  }
}